{"cameraMode":{"drawMode":0,"name":"Shaded","section":"Shading Mode"},"sceneLighting":false,"audioPlay":false,"sceneViewState":{"m_AlwaysRefresh":false,"showFog":true,"showSkybox":false,"showFlares":true,"showImageEffects":true,"showParticleSystems":true,"showVisualEffectGraphs":true,"m_FxEnabled":true},"in2DMode":false,"pivot":{"x":-0.24425190687179566,"y":2.6260993480682375,"z":4.40500020980835},"rotation":{"x":0.08368854969739914,"y":-0.07139351218938828,"z":0.005996923893690109,"w":0.9939558506011963},"size":0.05849099159240723,"orthographic":false}